size_sqft,num_rooms,age_years
2241.2471521418515,4.520110149899417,19.81042809641499
1967.7907925228906,2.0358145420772233,21.523745031878804
2225.2575314873184,3.6918701961708837,23.026206174771215
2543.1154098406314,4.890943756507262,35.30070662945313
1321.6047472105327,3.052493748949672,13.297844776528146
3042.2158005697543,3.2380435984973963,27.86606157317768
1971.0785803681142,4.491272161853559,4.715470509282307
1901.789952697226,3.012755421637472,25.333150384506688
1676.516218858787,2.216393237996652,19.993900811081
2665.8960113973976,4.834856818727452,23.456640699060586
2537.4902417898024,1.3248719993837725,28.265467391624643
2822.220600901051,4.865011276894861,37.77617993360741
2646.5437111117744,4.127877715369364,28.961577754240317
2331.5024712519407,2.4568749907921275,11.103821475190681
2364.258924274583,2.8503850894400222,7.897647221658856
2667.6218470374347,1.3288070409892425,25.945544099504787
1761.193503399165,3.4136965636430396,20.880397425588434
2177.0519558075466,4.341633500287291,21.585387562294116
2390.935870092623,3.1919508996158332,7.833688490553676
1973.730512822097,1.660075195391709,15.944199344821131
2560.8324408015615,3.327159312350117,16.085738094819625
2023.918296369013,3.93833205172801,4.915169517147882
2536.398512280079,3.511916318694631,22.659955080201282
2270.311647115558,2.59705066184127,20.431541567385118
2431.280341505123,1.593369516831868,1.2347525048247192
1441.1735426514856,4.21946130998141,16.086250493776713
1769.8512263820676,3.451470905093425,35.04535573011536
2872.284387711812,2.7658487719299343,29.794328801209396
2289.043160418673,4.219864688559467,25.25540468430082
2159.3408570855267,4.23391325752577,31.049488958700366
2681.8503717699004,2.1979567968352414,12.898061349142667
2575.444454043895,4.16253446648648,35.56615472496571
2176.6206971750976,5.3988201616071425,26.519815374012595
1878.4595549884725,4.912600046273819,26.46068996747581
3180.4674136151525,3.2828485549540254,8.536139342267017
2545.3602261003557,2.171174624944321,11.136914770496398
1413.9724443302134,3.2323365778742144,25.82199327966765
2619.73273430692,5.628352845315593,26.491226391708704
2584.2390063014263,5.070877525257365,29.05147487426254
2606.958903216033,1.6708183633347755,30.93093469688226
1998.052573622078,5.7534601052153365,15.24134151212452
2935.665624754349,2.7939294397992827,19.024499556813556
1826.0002928637007,3.8802945790767565,33.507798166791666
2805.567832983384,2.855169268819574,24.74167291912037
2346.2932312622306,2.986991908531171,32.297387264848496
3048.6694480004758,3.756828832284987,27.69425256053494
2005.6940868467477,3.6044786142878533,29.270343788296785
2548.2119810297554,2.21944252973164,25.871224390038673
2622.415783609834,3.4912563642095686,28.63609686656781
2038.1196615861486,2.7826246478733276,23.024164472052348
2205.6261062156295,3.211785332744081,22.064643206980215
1992.6985941524933,3.2995457048940096,32.821735455447445
2439.121642717505,2.3871106776052056,33.7150954536399
2544.272384006923,3.2671379214533136,27.00514425695473
2054.171998686844,4.657476445555004,12.317110518870908
2372.9677977540828,3.946795420379496,11.89076700576044
1909.0573397978826,2.730012878757635,20.913213341979265
1939.4505694441175,3.3771186855975657,20.022096847231538
1238.706572001444,3.350241526250617,14.285494353393196
1612.978878173732,3.294891560482571,0.6101104642165467
1863.0331400368666,2.2314176200262477,36.80519901760709
2254.0913787474765,3.2327330947921014,-2.7047685581385466
2960.164996310124,3.7943672091021172,28.758400078676722
2334.520775452013,2.493778793867933,27.084152688709757
2245.6804830089613,1.3397897102061518,29.97769833563399
2373.950540516118,4.458825766754731,2.3204816154261074
1499.2557841169582,3.905735298987865,29.103233472113295
2224.1900293601925,4.631024192360246,13.594025925911335
1765.9430040672,5.425229041593321,4.703301398913441
1913.1397098787506,5.191313696438331,8.6015024007323
3218.150558718812,3.5338873169679474,24.229429766241363
3123.6863983770577,4.167682535011499,16.222952489608414
2688.5761476829634,3.2555875766210263,18.658372778090428
2471.5037154769734,3.7039175533721496,6.196359905020742
2451.7993123147385,3.8397688869613624,18.005084650741452
1717.4405688490006,4.140870031385746,6.079635410979279
1572.2745627785152,3.154608988788019,20.669789978441678
2367.359966096802,4.075247172185503,2.397771148912664
1976.403378519896,2.7075876688953358,28.06241419506299
1811.640131753917,1.9752875826589817,16.795589395205898
2159.838800372067,3.301255996292911,15.950424000773797
2163.763450444708,4.418533392869692,15.630621511232444
2294.611671525195,2.7211897444837545,14.346043109929141
1830.2001606998517,2.394126540258584,19.06394125920748
2208.65395485754,5.0094896835774865,16.908374301181457
1580.3462162668216,2.9629765998738735,30.940460727902078
2813.4161454318914,3.2957518219726563,5.221209854138301
2959.6018402272803,4.415276781870984,26.000111706610426
1647.8005099267534,3.7050186413533686,5.337701884118376
2413.6536571517327,4.974460091782691,17.454652089772672
2089.5127894044786,3.3238717803165088,22.20006580410343
2256.8577128640372,3.0850502786391685,15.286424126185718
2231.4262217223772,4.351648827788962,18.015314602024798
2796.5441032523927,4.6867290143012195,9.745024788259133
2476.6358298725268,3.222443853843278,13.637094670832052
1765.7413050411596,1.8854657566876152,15.633994701291268
2240.090749430999,2.5872497583068204,21.031574554357736
2191.2186948924978,2.0432489136705687,13.12898063446853
1800.8854478287972,3.0494085996906897,22.194159375760993
2302.1690589882824,3.436126143370048,4.175027911133382
2188.605328876901,2.798196671359677,16.59325789863686
2879.6370067583453,4.838937594972453,25.153597848845422
2106.0637966378767,3.2177023338331767,16.774482595762468
2420.496453919091,4.573643363306026,21.050565657211546
1076.0648282399727,2.8353492429591394,21.50393883728845
1361.1946599701057,3.1810615915845255,19.984417039148575
2363.6152259629043,4.714771155555823,7.7309026137645205
2264.5245373327202,2.2502436785992352,14.667071675095535
2654.4095954721474,1.7602210425310976,21.134530856882677
1623.8787053756207,2.3678424840709713,24.00728205432929
2057.5903719891276,3.8891217705997736,14.299286509210624
953.8112312434178,2.520182958526936,24.442140488488683
1781.7014482932043,3.3526277453981788,4.252506931427719
1983.331682134513,4.446149021459865,37.29685708167449
2151.5493881317257,3.7624076350559714,19.91688007392665
1922.6090540703813,2.889298775478161,11.455444900730082
2677.0520305547743,5.167316036748418,22.978818734362953
1476.0919662305519,4.644069478480458,1.4807611788547135
1558.451493954507,4.736628704439427,6.569640556946126
2430.178487124301,3.754796946127003,24.40486180881539
2010.4444708600108,3.812292501889951,21.342260413068942
2868.27561753065,2.9905216106647794,23.974685028066503
2544.5610632577777,4.306681286359292,18.804461918744973
2366.3323921273154,4.227134680825905,20.172573829649135
1342.9570324195322,3.762114792586803,30.412147358947074
1891.1950850064402,2.5241089543499475,0.7159456693528554
2333.9928852815765,3.917877174685816,23.36378477372926
1878.0774240083626,2.3384082868145164,21.38006859423188
2341.072305998384,3.6492958465262544,17.00237279944264
2349.645746657936,2.447609644956624,14.208294171666031
1784.3736292809024,1.922982282787091,25.08951503357564
1643.1410225239647,3.955163527090721,33.89919183609017
2683.747806260164,2.6084671213962105,22.81201502652763
2224.1633460414837,1.9630549877530263,19.594169836878315
2227.4909566812767,3.4497538313760887,29.195366064564396
2680.7187372907224,4.7069163728052725,19.81671691588749
3066.6032371504452,3.82926530849672,46.43490235996741
795.3243143807288,3.8999457370518593,18.23270739898497
2927.298900251111,2.4515327694378595,32.175300502513835
2699.0767607252014,3.811184831116239,12.787845855434767
2052.1155815160573,2.2173214680049327,15.462159901082948
2789.824899281187,2.00116332854856,13.065835514152232
2158.2509802518884,4.923418989471038,17.688561897293315
2998.5583457840494,3.9433936813701598,19.341817327292027
2769.6523974129022,4.552016845713655,22.158791258702905
2406.2312270476127,5.83565222757505,16.471089898686937
1888.7374550657091,2.479388422419655,27.627509324878766
2243.687166209307,2.880664396706192,34.674226744728664
1762.2437055836358,2.124033542586889,21.041764258751975
1849.0047004679343,5.341451662241173,13.964837692984847
2289.894645909606,3.886738512509962,27.007635301420102
2135.950208679646,3.9341356383717083,22.13457950825577
1866.3795443196864,3.4779591114397457,18.86231843646814
3024.542537098715,3.2137675543116275,29.773145266626948
1923.3644174038527,1.547331032784457,23.56507381855746
2185.4782554042245,2.734552493370187,33.09544605831513
2198.7394934823665,3.597100237907217,16.11332051006053
1104.6800549532077,3.3616221809252522,9.77806410190807
3508.183536065517,4.733593870763428,2.858953430749759
1911.981442894337,4.5521849143113915,33.23371863186098
2569.179866987169,2.842175836318423,15.180532194138946
1124.7667198862941,3.2838118572214277,12.09619822094717
2116.1064625354547,4.241410988633766,32.97663207294485
1380.5853528800162,3.1362761381559405,24.938705826205968
1946.1647582075582,4.702373953049407,13.060822014266492
2832.7505145668447,3.751708297399598,16.813730126047602
2590.5822020758883,4.606311674456704,6.487950617104877
2509.97933465706,4.421028673247784,13.782486069510544
2450.36595437505,3.223536553074405,13.79385032589408
1322.4376642473671,1.7353667506185737,17.235859123866586
1630.2437234376448,4.19580420273778,22.099909110130607
2473.0013525732325,5.442772160102799,13.350223395110145
2879.766761525531,4.441862160110391,26.651417224423234
2427.3124826276094,3.9337933714986018,28.33724195374029
2484.5475168975863,4.4026343647132,10.126614103356314
2472.5600815150615,4.924781398567745,2.7764977697011872
2549.2636260965455,1.7173834660451734,15.891129989977875
2440.451306866133,3.9756577738529657,4.5638736298841724
1647.3393893572852,4.060789931512057,-1.6718128037156248
2686.402396993928,4.308803280021584,19.40114462869092
1749.0994029705748,3.842820931728787,18.475025590487633
1465.4555262463928,2.0492428773028672,11.811336351020799
2264.3958420822196,3.0007575345863615,16.67396628613346
1533.0028737866733,3.9906005829220406,10.021171534938214
1659.183357017644,3.4930634441859625,20.806696421882783
2250.8836486953064,2.9430917726539008,-1.0557183480963666
1788.7824977587466,3.8307700974045256,19.660136043186295
1755.1862994516218,3.773309120806436,11.54795628716342
2427.9535640784366,4.21593847424138,11.500020743896801
2755.1953796167136,4.083963920272106,16.80772379400757
2565.5446527790846,3.7783699701497877,4.35771583761006
2649.15362513416,2.8612876083401235,15.178878900760921
1458.4117137930618,1.5566535911965826,20.941093897630864
2527.0317871188613,4.6314142038130495,19.09626304760883
2193.4844391153465,5.775967838140918,12.31767582040774
1841.5779210196852,4.5813327606540195,23.291335597865874
2049.1344543786754,5.044501816458616,-5.384734369022482
2008.7192061075589,2.637712984830288,19.691862889500335
1675.5046335892864,2.769697403590932,32.223581915644516
1225.0878480922904,3.8507737648674127,3.0348238843598114
2385.2113236604096,3.5676633423145834,21.704862510705077
2327.9622068681447,4.0101257094687055,2.0353365557021714
2864.8225465623273,1.900667588864763,30.054653658708254
2769.7470618462844,2.7613196047047017,13.96603393105229
2292.468900333073,5.1511639831322835,30.51502023754528
2625.476799636178,5.536310594496765,30.267282555565696
2969.3871683722455,3.706258271270621,26.24703568581146
1852.605036880975,2.436743803623522,7.097107921442317
2068.778145953649,3.459574877581096,21.85349918965078
2334.9152744479197,3.003748356058576,15.215643857371546
1520.8754611984546,2.32563964351137,13.714662893970624
1657.9507021920047,2.5937444938895977,13.091031770847025
2530.6256371946524,2.623800855207972,10.344794897488505
1984.5610138463824,2.2878122026261645,16.43573212702846
2426.5975812280367,4.055998648285939,17.042520916216464
2142.6948641021186,1.2952043277550116,29.132690227966346
2817.0549540793736,5.037122850540937,21.215166639611695
2337.2555910297483,6.321404193525327,24.408712325866006
2266.5983242196,4.286327613365241,7.809636720393103
2061.51886306613,5.62259189277413,29.88180570375596
1687.8198240398056,2.9566253942278196,18.288266470980354
1426.1168327017067,3.4951077782824904,22.48209243946379
3533.6706682724925,4.600762601739262,10.05625483663141
2357.5735297798756,2.238833909073016,30.338143321097
2714.9372436894273,2.6147084805589,31.702793298075488
1757.9051128127724,3.9678583837079633,6.173907514330503
2435.0615030547624,2.1123957905354125,21.831336530697328
2390.924273207822,3.577732115043432,17.52125138363445
1767.9391420183142,3.165282961193083,18.501382977600873
3209.027095509994,3.764780261296935,3.1964474178406217
2946.188043517486,5.346463777366159,8.284579711693185
2119.734420698521,2.6525962030951744,33.83014072657734
2758.755551940554,4.808018998436973,19.36278062550368
2793.1487676276074,3.367594110489704,38.287288367066836
2495.5295830017035,5.097915724629561,24.019252400015805
2470.594541877163,4.239269761555531,16.54255814685856
2272.936652143392,3.664281174489605,14.910742660436334
2205.449807333029,3.4856634494183645,20.17365840269771
1482.8147564653373,3.397401566981395,24.225796248158957
1987.4958009334468,4.142110063916361,19.07697376810126
2432.963222566449,3.1692902606657856,22.85556540761172
2076.3655097478722,4.066855506777445,26.710866999422024
2752.891354955241,4.060850879348638,6.048791094899155
2250.358425567921,2.9173518622586516,12.647499801728426
1782.5373809495777,3.1688129179493005,12.547094359369943
1575.6268258135713,4.223108144153236,17.90281240425621
1737.4997498519742,3.650056385995453,31.77297558589203
2182.599093885499,2.9642145000371034,14.177723458071785
2093.3442386471047,3.456516877065176,22.751324516378443
840.2340909146292,4.611256900409721,31.1263150678499
2471.2765719712925,2.716512308640964,0.10486749263272443
2996.413005628496,2.509068000006729,12.541992818057413
1853.0399380144304,3.6659150551317694,22.287416015288287
2432.5385476398483,3.5100806345170774,17.39992774932284
1814.0946274688765,3.9373780420792004,15.311898458208974
2851.0717369032036,3.9175870923769978,10.922509563746809
1801.1382299033003,2.8165464265687192,15.654838128090837
2110.5202793448125,3.5275541327447844,13.671320954199604
2919.7059088742626,1.6650578225017856,17.388696669199675
2668.131728440719,3.7422811430059535,18.065711702325064
2042.3250283960804,3.1327496013762017,25.32431719487068
2818.1513483143694,5.088158975931906,20.072777537966807
2520.1374338857586,4.091143807600562,27.07228518970125
2732.281606694201,2.1922989625519023,13.427746632250111
2968.226319909459,3.689754871687193,28.63480773545451
3016.802965262659,4.027927596536715,18.568940277556344
1755.9522127959626,4.4037304253734035,32.32106562497691
1783.6253554688292,2.2546215999990795,22.96061327362119
2464.6893213715284,2.7432937162067503,15.672444508807061
2050.4205526506876,4.46355362487205,18.440759551731297
625.5880951828137,2.479301661867666,40.598695988655265
2688.012079153372,3.5723011005492427,3.0533162671459504
1567.5944005035012,3.3770000160147804,14.64762164245472
2052.251848537645,3.8755946176763416,19.7561670965885
1858.4257620876272,2.4681424879826412,27.857875339213997
2025.1638362331328,3.1950983323983344,21.392277731989726
2512.442400683977,2.188965127347743,18.345833914673584
1295.2987418431167,1.6376546776789966,10.693826721050733
2042.7282056139593,4.439066545370615,15.033224033143338
1431.8319979350742,3.484233479550805,36.059663775705374
2032.6009755077057,3.96613862274084,3.5843009255240297
2332.0239151091687,4.325434480829142,8.091474055862145
2684.8586121133276,4.495963783107847,6.9483001223207275
2078.885662608742,3.0074803549694034,15.872788394314588
3440.7800281669947,2.824902936982352,20.7783725470348
2665.5882999917553,1.9643460153853969,26.033520266216094
2817.9970472887503,3.98321888209414,14.406365606883954
2569.560546962248,1.9919050376846534,0.42693339949522624
2071.1153748301826,5.199118387555956,4.325977573244698
1961.5628679782467,3.1013178781696977,15.699375416489312
1743.1117774920212,4.486366969579885,-1.4166878331785107
2215.9316982210003,4.81418624742412,23.31296917138038
678.3276337466134,3.2561371533949695,11.751671229585902
1956.6848829363848,3.5319803791347892,3.826740683966909
2183.9739492246863,2.176825060444127,15.504349239481291
1501.7495370411002,3.808303654836244,18.295793485094418
1663.6097009147393,2.7920710782645632,21.25295195234088
2402.0967386751295,3.6252901831468254,31.289990585424526
2502.9125521925926,3.648184759479329,29.79991199692965
2355.5356715618345,2.7605225333721757,9.628171428712445
1062.8345437153469,3.6754223463556195,15.789101591642165
3128.745287273851,2.7856466018179784,5.810180170280711
2083.2560738502816,2.9763625317200493,25.01372977389469
3705.937186509883,2.9404687118974433,16.762685597045408
2177.9971971273644,2.8697416595817415,19.54565572735342
2469.1243674742927,3.2250578277756516,20.18191495654678
1975.5752920453472,5.045520653344251,20.062985539218893
2517.5086972318018,4.968559167009433,0.4574408454106056
3058.7301105797123,3.4094989721965954,23.698867667391205
2443.7982304675843,3.6487332143631472,20.492910407072838
2706.3921909412707,4.276986387614297,21.572512709283956
2534.369202425531,2.977886365757447,28.6593047032231
1370.6559836753509,2.6604592879653794,10.843801054492113
2517.6227072479423,2.9864320950868577,-2.360568268099147
1856.6802901747442,3.447750704431327,20.453666019041414
2448.3599075230763,2.937353957121948,10.41435322018733
1707.5104412488815,4.245536554643409,13.675320109542193
2871.9298141543945,4.399763833944227,16.72436226991567
1925.1656101225444,4.902237663086524,18.964889293972394
3250.166470238497,3.2904891002062326,22.725703310484825
2024.6800673824202,3.580568911754563,18.399726072224396
2636.199598557581,5.2545988574618985,8.975774153034793
1546.135419426965,2.8374293208126318,29.93018534309786
2294.0259075454264,3.7610618770680837,19.263552519556697
1830.3305271334866,4.611761968211442,12.765237915117773
2497.586876577867,2.4477067560752603,16.202413877364577
2934.447651712464,3.5217010494631746,26.208150963753177
2764.243908553266,4.251209554720409,12.950976943734382
1895.4430213129124,2.455849336306083,4.5560326966472395
1606.9009386269277,3.7395732376841435,28.582759832213853
2019.8670480683854,4.002531436601884,14.661619941760883
1672.1973734766132,4.8189487590428195,17.650569878073703
2719.5267328232676,3.067378873753493,8.941574532592005
2372.498681612205,4.784867623189198,6.274909335467273
2494.2325182146596,6.027300144170363,11.863208977103803
1476.2470024037266,2.377849422499878,10.502828390586366
1711.8984295004443,3.0829562719701595,26.714405445175128
1715.9503890992319,2.942449719921667,16.231264153459126
2361.1388094755175,2.602511404988283,27.895269487433467
2378.3956846188776,4.1458669063545734,29.82095117278007
1093.1279581206954,3.485826987574605,16.09862319337999
2832.710841041854,4.586494441582545,-6.205071899617266
3171.993642755193,2.2171004903466347,14.16682368837121
1296.35789894627,5.868452696052212,23.535232438247508
1755.259133142898,1.2271792674945563,12.001098151540727
2575.5716477883466,2.7292723500851594,28.955471970819694
1813.7985641111775,4.737647286577397,21.350515187600536
2014.1881278761261,3.7207824516225756,23.054503061390676
2094.894294838591,3.312329810660123,21.054349489179838
1286.6918785683215,1.7541735766083535,-5.262833141855836
1913.3247988189296,3.521988826594415,6.504800123509005
1578.9803076276676,3.443350858866212,27.987475303154152
2008.4684440926692,3.452188594522326,32.08281973474254
2200.235642589203,3.6233964792430893,8.709153386364953
2330.694771023033,2.972683345858435,21.520343586709657
2238.365266715832,4.654444660171666,22.760383730525685
1825.91700536125,3.755231843694854,14.875129031457213
2300.453385007748,3.3945256494494,10.741268619200913
3211.5147735912174,2.5894887883876594,9.081050620012277
1763.409844806985,5.496647900564481,18.81446892894783
620.1024397603499,2.1643500528406223,17.25309225617947
1649.909042547279,4.089515198558268,28.46535289122199
1580.2487009951406,4.2820499986605425,28.143779320079545
1304.9244797351967,3.4531061536798093,22.18412672552538
1904.38382327088,4.491141458970368,16.4451125678469
1757.7963887930837,2.3100706990091386,4.060443568777542
2155.4985465804284,2.876936618747592,18.424572054192623
2435.432806975931,3.0279557896138876,23.474576603830094
3410.1629365486506,4.522817454667838,18.3676883495919
2516.693324594094,2.067589329817758,13.610505771054921
2156.172813730601,2.779037608858542,23.811152104548064
1185.74869468505,2.9149265326248672,24.007643062403837
1425.559647513232,3.678251782760071,34.192669030040946
1588.175188273034,4.095215298952716,20.958519513449172
2020.774808637937,3.8962313659116377,17.426367398958035
1193.4691698268962,4.639534249330013,10.715619036857731
2282.2866556643544,3.536027878840268,14.354596862961776
2866.622481131807,2.9006442154894216,-0.6434930762037325
2447.5370509952554,4.274266272118337,26.73213143301841
2864.417880207469,3.518904217191146,19.27301246944042
2059.4312924833766,3.4667681571583038,23.337735610760056
2452.912284093367,3.3683129976779913,7.602612550211807
2237.663103205907,4.1224387099690265,11.68683020385939
2538.6306721305186,3.486266342264645,18.61141169106275
2662.110011255767,1.2248127943933382,18.475838654259473
1596.6584485689496,2.2119983966595624,14.280551583567723
1461.1266353682008,2.3375151267154237,-0.4182384622016464
1665.5630168561047,2.9993509766673068,12.186761550941194
2713.9451330741886,4.767082441106123,11.935583436998662
2458.04854274298,3.3050836610898466,9.579705923768023
2707.911719119727,2.5177926086211984,20.000839715753973
1755.3719126912176,0.7795533868412825,24.22909684548942
2244.715169676524,2.9718118511427285,9.626350070723172
2447.9557868493903,3.259261984131731,3.6829920399002365
1244.0944415811032,2.283511270324076,13.479335323063761
1994.1598579882436,3.8099071953482513,20.557095625053027
2363.5843106446605,3.944012150425177,24.23999103780719
2318.0947430000315,2.0289297355666296,30.34152059501026
1817.5852822386319,3.307467024309943,16.053694713355412
2098.346734652761,4.670815573744047,5.922420594938927
2553.6240113155195,4.967441197174959,25.442072159344534
2463.654719068956,2.2162276475615883,18.25461076821854
2572.1412347676096,3.5722877507355366,20.54549464225255
2405.686556340471,3.854384506428409,16.346757966067173
2155.14538944328,2.663633371630162,-1.4425601483193589
2463.9641187490756,2.0653244027337765,22.628444542573256
2106.8631832952383,3.9494586542183803,11.52987110416587
1317.93667908933,2.87029928300917,6.484679836278541
2336.1356526726836,2.9120418593542094,22.031315334304907
1491.0412965693392,3.78263058316782,19.37163606680495
1614.746097714886,4.431179182346591,25.31490813259962
1945.9346754748535,2.683128241588282,19.02138197091734
2594.14158244269,3.8240422026150562,5.405659155871845
2112.6783959625636,1.7295828290214614,30.47238613108449
3306.3928134585294,3.6695772963451896,28.52016985012348
2588.359753576319,2.3914206050553224,11.935112645462661
2256.884717341768,4.739902330886468,23.54220107891651
1209.1348593254306,3.936961804597333,21.94979161307085
2604.144112607314,3.8908517590457077,-1.5465825408540859
2475.2815769342074,3.907607044901835,20.76110543819277
2448.8846239499535,3.9985244747333413,20.02267962223565
2280.047107342581,2.734955747381665,6.5435679371718525
2050.6288808516742,3.2655182248855983,21.65326835956822
2447.8412173543434,4.72078309986182,20.92746187007551
1754.2342458310002,3.519932221050226,14.106285856562575
1609.3617546047496,3.7906688130309796,-2.603249887654979
2745.8706724084673,3.24771645900232,29.968241764421897
1910.6142250548737,4.084285124888198,17.51609835545465
1945.0668713291575,4.013312253197751,26.146954572129765
2390.4893979714147,3.3966847812480543,15.395233201536584
3087.131614186612,5.537273675626466,28.85776601042222
3154.6820144896396,3.6072240939358347,17.331819933358332
2636.553883097542,4.9046921855876855,10.974768005527476
1295.1198061133302,3.7588337198054322,10.710558224541227
2866.382769998071,3.9056680017378955,22.044117695315304
3055.4334403150565,3.036117770644872,35.98431173733242
2263.2020557411724,2.492537278611597,13.227285780692414
2578.58588819034,3.2070068855910123,19.544675284499775
1689.4935785286293,2.528170779451653,22.878864877391507
1863.6120524911619,1.7845997678032466,9.218837338693419
2152.8462448152,4.350141845833968,21.03505664288293
2189.8672447095323,1.7192320793503746,31.770007431235413
2168.791479208783,2.4034428525852807,17.10679788706632
2392.5098003099474,3.1399897341724303,7.789854654954167
2124.1639988611078,6.560231558518347,11.880195040997824
2893.8626377500204,2.1070635527621118,14.654431367612847
1384.7248577493715,3.6693798641797697,10.304497058254945
2878.1882114136074,2.9056254980421374,14.145511881059049
2743.8518579814763,3.049048092429134,21.100266944178713
2210.6704102488993,4.430195306528511,1.4432450681222662
2072.3369745525533,3.3533548466818206,15.59550344779404
2554.6511927490083,3.7633495879921655,21.395722952495998
1962.9389277186601,2.5436496915403595,23.465246820194377
2513.3010970756136,3.157309422243186,10.421849744135768
2314.882367886302,4.513212914457355,13.62383452529955
1776.635912068337,2.1093653725836665,22.088293238581297
2958.3944031404308,3.4747056389147906,12.740955385854704
2615.197994106703,2.1550488770286673,31.39463488300023
2353.9352290464362,4.415205849329736,20.098901960250167
3099.780970651477,2.47381446687337,14.466992868204166
2929.0752047989135,3.0342048009865654,1.2983227465483864
2114.573923248049,4.845218057526422,10.00914846174916
2285.1400997601363,4.5069563896786935,9.979113862866573
2314.9813993493585,4.271020105790347,9.767108081582174
2495.131039212343,3.112935339908138,16.00372459856741
2654.286001796089,3.8097164094379137,19.348887478495257
2404.8252722295665,3.8965151936661444,-3.891934437056946
2288.565249818832,4.881546202266467,19.30690027410279
1535.2619821554958,4.907590488687395,32.25388116452983
2058.4920581482825,3.0277816113070033,11.92271117344437
2006.3150359173878,2.181800606047931,23.07521520728163
2130.8180228713045,3.6783760078851486,17.42875047995843
1850.6777570852605,3.9375749279257914,12.013400707181788
2015.0510028387632,2.399772291168982,22.84339948281458
1655.7427085402182,2.7811471690654126,20.199515371270824
2219.7505644458206,4.340606889352844,26.719144490253587
1607.3065084441114,4.067331285899032,18.568422236674703
3013.886869860811,3.8633994427550262,17.5874534487492
2017.1495818662268,4.095403667640129,16.34951793821096
2912.9426174757855,3.2524506461006704,27.29551078924741
2151.237215402738,2.5408125052138213,10.48944033224944
2255.855596947701,2.535944774332514,20.578332353775792
2947.509719122508,3.647318781593709,10.399522187083747
2120.447736507221,5.1975743543584745,18.640542894085524
3124.122762373031,3.5379377892688058,12.495215344130493
1842.8978284791867,4.12190112679126,18.71714241999966
2452.451194381113,5.763175490932845,19.615652089057516
2526.114802486119,4.1728782735464405,25.31506615227596
2268.054948953853,4.982585361151436,11.371269451845063
1928.5648434451846,4.328637439645044,23.86817477741564
2931.1938385518515,3.5469915692357277,19.31969116051448
2026.8603973281686,2.7800987787644,17.159457054856105
2248.385282989844,3.761126128897422,22.195897669532805
1494.5015496561746,5.730935436643369,24.203497428832197
2184.376660022496,3.3129492728114,18.549323942171753
1363.2049946834072,2.172275723895188,35.85417005785409
2805.759847003048,3.3219309189728796,17.059391026376307
2497.225705196547,2.74725643798841,31.578889138970275
2923.196609637984,3.245227846623842,15.501468792595062
2179.553317343822,4.3764230290192225,9.699542791350403
2751.2552719459345,3.302687405171167,14.528561436356537
2946.567326454389,2.8212556357352656,25.21281206776821
1722.1245954312951,4.123258566164628,34.41423121626572
1930.3434294973079,2.9780443098838902,12.404664504537028
1798.504453032634,4.1532376949002785,24.129524056899808
2616.077551913941,2.0555226726972093,7.31798057200422
2746.968065501458,4.504524793590381,28.33715071801366
2491.354289504448,2.574509371441114,28.92383206401716
1680.9013934167479,3.6617553315779334,17.596221665209608
2168.676841966663,4.239197418286356,25.495623214648518
2090.5944996194585,2.624939298731223,18.234317618458387
1629.3105732285649,4.715869854930723,14.071886057014636
2781.831250255548,2.8104053439766203,20.45541099209787
3247.6149047796753,4.2783837814911,12.880407701901502
3063.3433904844,3.3365502595088583,22.63199078466589
1903.9452796301116,4.614352266335892,32.28859759968941
2815.494966674842,4.1611240875373054,16.043120481070062
1267.0749886641647,3.1917181219488535,17.911751004521403
1593.9093100497935,4.664794131355891,24.23832090248626
2478.0442873674983,3.276901695960511,19.267351398051453
1805.8976532179893,4.737889051102833,9.016968193716062
2049.2822877624585,1.7418855928589094,5.939770574438143
3066.5658006790536,2.742473119035996,11.380572068897193
2106.550431443553,3.562958081333624,21.632440473974818
2515.752604007084,1.637362366871444,19.804755092726587
2118.681588622965,2.9387973987764866,-3.808552826967542
2524.7447699266936,1.379430727343291,14.98554744542784
2660.435350760048,2.383147869470349,10.686437001803714
2092.3072409376628,3.0450985811626907,24.69347696427304
1786.5932459462101,5.196174943548078,24.401366213217287
2516.167881270848,4.042974050826464,8.965743558080504
1612.5428497192652,4.226171432066374,29.52147930166322
2711.2287622024405,0.012563886311376837,23.337318810533
2354.5481646884195,3.9105013373963504,5.841105419577845
2553.039903547291,3.4457195022612206,30.17433447920004
1420.6552855112895,4.667479598433388,29.419946353246615
2945.7224846064046,2.385519266005211,5.846179707837031
1980.7510962480383,4.943001214503093,3.973526316448437
1994.8793748053968,4.6824876250290295,29.00854206171979
1309.5122536441822,1.9537229870421509,21.28586368151669
1983.573692976615,4.257546575370162,25.66636770795993
1691.9272329961602,4.5287999181804075,14.153990935974697
2701.7121277608776,3.089719843509909,15.781165983455747
2035.4574451507765,2.923346845362828,26.52109784339538
1855.1342759680715,4.197446046674301,11.092234925301605
2788.8936142061907,3.80400534065867,-1.3672268120706974
1480.540223904758,3.2819347290063083,7.691200024530055
1601.849915587768,5.242356392920996,15.433942634949725
1847.46052666955,4.181646406893691,23.725141352812102
2750.493165946393,3.53980521674039,19.521993758186348
1830.8228413595282,4.019982491999653,13.97744910602758
2161.9062204801357,2.979302460258406,30.7130160030106
1874.0993530239095,2.2881322306817964,28.2147297447846
1614.7023157253984,3.553004745540095,16.867780734930033
2042.7303618515934,4.611891340596651,27.817022484720262
2285.182108854454,1.6237203404254972,5.777689719520248
1500.6862908846301,-0.06957467984161747,11.639051482419536
2180.3684444567875,4.351173869017046,21.630105768058197
1008.6209302628108,5.905634744833031,11.511484630429946
1680.4786252943322,3.482239785572381,32.34408312851235
2606.782924467394,4.271429022609843,17.821819854258308
2061.708046949654,4.079581272020688,19.325607705286455
2493.774226071676,5.1274365669855335,22.13129922805669
2732.0886419970357,4.068951222867849,16.00515291888934
2508.3088005574014,2.6540913749229,35.1612457376677
2352.370695191535,2.4368303414670898,28.092726397687763
2530.4075924091167,3.5104542008792947,44.70298660806883
2247.13397574669,2.719903556980178,8.788268992619475
2011.5106065741043,2.9057041476399763,21.762026663740873
2549.209675065148,4.499688493699254,17.567648178534863
2402.6648457323,3.3305606339530622,15.056860343451369
2279.3088778258166,3.206564123158541,3.8628413111643063
2956.9643463705734,5.045380430632825,16.3379771656472
2367.0371680428143,3.440917526202143,28.105800248753834
3373.9644083745966,3.462494201092639,4.9452516056258915
1555.3012902770765,4.467691429590396,27.916981440965415
2707.6490241565057,4.712637061257437,23.745861985270267
2231.9334951752194,4.4148274529059774,33.77542525631906
2695.4290244641757,4.447386508221818,23.5173436252957
2014.2777016443936,2.4103708373972665,17.68576703035759
2912.3401132652243,1.5415303656821484,14.860283215492142
2834.09263194688,1.6531967556137492,17.77798090588014
2474.821708915624,2.9172164983667055,35.02763502326878
1901.609971679337,3.980074014737426,30.867641945983742
2228.1292329232137,3.8199414382909125,18.523061495295817
1859.263683910004,5.5183049429368145,24.212284846199395
2235.1434265916314,4.841328384644176,20.308019927255483
1434.7380960200062,3.4148828724205407,20.07809968690267
1635.0932312400146,4.14954369357683,18.78030580844527
1513.9302178960386,4.663707220170861,-6.9413754542680195
2679.260646214977,3.921984515100182,17.43702415451706
2328.990349903321,4.325496870755266,10.119119646926448
1467.5507093473934,1.74605950361516,7.05024236775804
2082.9472108766454,2.7233558672715694,18.31725835516458
2851.8706243188903,2.4482331136383566,11.780233968385469
2125.605976965321,4.973673574255956,10.742885440758208
1587.8071338344605,3.3923867218074126,24.69822773694761
1876.5088087218146,3.67882875870291,0.48140193321676605
2295.6471537194375,2.102197976165668,8.546481827695821
2778.133469176444,2.545728118917423,2.896991355897038
1835.9601913311662,4.075657190837147,17.457828653682103
1198.3185063481465,1.6679524340231884,25.562002517030415
2369.139350509427,4.376593788400364,16.126422929737828
2068.761456915104,3.247518474580285,16.295578904965932
1401.2383034129757,4.261531603856974,9.153152144756104
1456.858295735761,5.653381142850083,31.455403461240255
1955.0165769971509,3.6724377798876473,23.41837550972034
1407.8780601460944,2.451135675823722,5.468525111939284
1554.309555497739,2.5730732503868756,8.076571576693148
2419.885618422286,3.704423176496622,20.589494356038806
2645.6951308260877,2.9721802844127496,-2.3852283524817963
2412.1208774272714,3.975820943881549,15.52906342107377
1764.9743810601171,3.416403502419296,10.655099782816976
2368.174746157612,4.17068638926284,7.887272198580655
1530.9093231282714,3.306105516661719,21.445614874091056
2530.5744180682414,3.263351231375432,30.05561450853865
1969.3585944768902,3.221357633900689,19.193385373460607
3316.574423531297,4.797101595991775,20.083666589445972
2602.974760159797,3.0051859011628346,0.7079198021170541
2572.6852665666493,3.5848267900046706,12.392835171249072
2379.8412969378933,2.7948222622979335,26.53604317230682
2928.637150851283,3.8692534605205955,16.00365159615023
1930.7589165937948,4.784593524993948,11.837199414040626
1971.569612998426,2.3625938877169377,11.229375733072334
1768.0001694022503,3.3739904499378524,22.271439639852478
2468.1719539020323,3.6047913834260674,18.283169437459833
1824.4607923001304,2.868502824741805,30.91427424736904
2257.997481931997,3.5758953836840437,22.722063964477115
2400.62849331345,2.7827856063606724,12.830159174153525
2903.9499146758594,4.0765413200617475,18.6562199204856
1187.700782975111,4.740085520985406,11.741187363970724
1576.5451985272966,2.4738089956585974,42.00297056710983
2723.614103314872,4.584591315483894,12.386905762910553
3219.013487721738,3.5227120030043517,12.185978414863925
2366.2786953645646,2.5457619642836984,22.19975181879528
2232.671264057661,2.1883786386586936,20.88700888449323
2052.6610304250826,2.1129190563895133,19.262348162351376
2696.7300345316553,3.357730097546351,13.618080440511848
2192.755095941663,1.7683711056873042,24.13641042544968
1715.6715595065448,4.08838509401955,39.57681818738635
2756.984395342265,2.905262999563251,19.859334243257596
1717.4917344586881,3.6454937541389203,10.776916432919037
2322.012093124006,3.520804343281929,24.240076069012943
2169.7646534443415,5.809579890865381,12.050579542530432
1673.4839681426306,2.319139619578564,26.061250143741553
2216.80377076629,4.1283324909263435,3.6474961370844046
1974.193615428232,4.711311175745862,3.4876450564580193
2632.0469392016917,3.2652152615226506,44.51265418673089
2801.890954462987,3.5443363323275285,28.493437508790898
2466.8350457757438,3.376975861455322,30.403374946924412
2604.511782853475,3.6468570424947524,21.206207670828714
2422.2388167513973,4.2428134875373775,18.159190315898247
1252.3491951869696,3.250585832998996,18.41083187420127
1777.1579977181975,2.5230196937810536,22.439364147954635
2218.29178278021,4.034552835250976,18.116856280295
2084.3543463099045,4.799562394974073,23.448301848273342
2564.927645398606,2.2129009102968817,4.11336858983957
1871.3559118777475,5.4406035903822,17.239775351030943
2853.4014852263676,3.8945926879595323,22.526366304283478
1896.147610192079,3.209596755552516,23.42200985271042
1472.9960654347024,2.485849338027373,12.874828309127103
2379.1902958966275,2.3473450275126857,10.512981006930858
1911.6219422242943,4.123120056107766,23.441587400579884
2078.712741980135,3.062458000687671,3.757864376300894
2966.9663320563177,3.074211041522932,10.357148672954386
2399.61442459884,3.1852408745611944,12.563221990602912
2409.3188295614655,3.3104090232297287,15.160869491083222
2441.8062204411176,2.6494233311277124,24.823971901270916
1514.7691567259556,3.4246228488904467,11.168745995630864
1896.8881764989558,4.059254797279842,11.116362200669496
1871.2317780393755,3.115849929870862,25.853754663798746
2616.664986062271,1.408973837599143,16.875043599877777
2115.7396921598884,2.539262707796261,27.334559805340472
2364.6229441701503,3.726847575032699,16.997796307546693
2258.12374721675,3.738620293182221,19.497550938671715
1890.3831121556427,2.2623726249425458,40.428388250165945
2924.649212173049,5.4671801175699954,22.061446847334103
2977.2801555545016,1.7049700204686875,11.431805318938466
2802.1016012157916,4.387003268361307,17.257634943838312
2956.7597133026547,3.474939061932425,25.186473890473913
1908.8184694191605,3.363267114363346,13.696182106216781
2511.003683140955,1.8635563251227547,6.318471465019199
2778.0019802673914,2.780609704982062,15.490099288508976
2891.3602501253113,3.3476879940589295,16.196925792850905
1489.9691325381436,3.5765260471248834,20.04222025306642
1685.5346942314536,3.8080698333988523,20.556761469744075
2706.8721431061376,3.5735907778228966,15.017404075592225
1759.395663375051,2.1888043892789666,23.43260623034473
1749.3793814326784,1.8106283610941718,27.132600585638507
1890.126758490775,5.0008758981449795,12.968833346418823
2721.0180608458813,2.7495888986305133,24.43000223907378
2412.011089960513,2.6824272929266684,25.271362708621304
1980.7800049618043,3.2522469544008734,21.174533734362765
2160.424487119843,3.850837831319857,21.492130715393742
2711.6003932321073,5.369281637063521,33.08303042082665
1722.0932176145443,1.8016181326182605,15.881758782405342
1990.5752440666224,4.126166432704842,-5.02339979770057
1230.895226597137,2.2541857540602894,28.127597180339265
2520.852867255276,2.9825856308698304,0.6450975774496435
2385.8703805986925,3.2469755074358564,10.608677588355924
1215.9772492205466,3.9897441318724147,5.371510719768613
2040.4118647297407,3.5680995910343016,21.885545475530936
861.6570150128259,4.624937505477806,17.746899827838114
1900.0962394786793,2.3953580050212993,21.070257872719132
2408.0600235932534,4.108014118245368,26.135697195776302
1298.0843044145647,2.9902090300909023,23.108740616210785
1419.3128874994322,1.1284476908023984,12.615690027000383
2376.143183806469,3.6129493650617084,14.462667803045578
1692.1427520363059,3.6906090630787975,15.104733798865272
2004.2840058224947,4.021218162925849,16.360381225427457
2477.262890005361,4.906946298831288,16.809337076802322
2989.265898487819,5.6710010785941725,22.14035635728578
1892.861550146424,3.269773103982288,7.1305701576256855
2521.6566473816333,4.218889629839539,15.801215728949673
3247.603771393533,3.928874035024181,24.490950134194158
2370.9496497916225,4.509420107362829,44.61900026041368
2170.1369143625056,2.4621266583757184,18.906426495802236
1746.2549547874578,4.2723655370845535,23.939493849728358
2650.9220212318605,3.6813278755958243,21.44439432895206
2097.061407323086,2.1915412493730373,16.061908466622892
2695.214979705915,3.0273056140735077,9.106867146725811
2988.7854685865773,2.0761178010300743,28.048081809604568
1941.1597094357828,2.0425291945925386,13.344471883355299
2263.4520758549434,3.1131805755144843,13.947133645016015
2300.062617413487,3.520753494089931,30.215569801563205
2482.8189540144785,4.411687722655454,1.3239045116366448
2283.3263280258607,3.754383848240428,18.594687891055624
1555.9171677923594,3.98330155881733,27.543545012316635
2133.62318436098,3.7871420397597833,16.502967783342537
2220.617474034463,4.053517991698452,15.228708303429778
2197.5769951092766,3.5496822259860044,1.9028158541389146
1728.3074523348223,3.2860462698242903,20.758920052305008
1779.4961933768336,2.330529386904063,13.510726424193248
2516.554258592819,3.2398624910264937,8.678638345491546
1084.9883337818494,1.743895957649299,30.707974186694656
2459.098206575145,1.9726497565196972,26.085944633870938
2089.300889151408,4.175077979641439,19.27735943361246
2169.801293004295,4.35777847898764,6.1436366667508295
1433.0775180657329,2.2926016773857305,22.649596298735045
2078.0454450595253,2.4623552751273863,25.266534123506805
1963.369219295556,3.383387637482561,-0.8866688696296272
2848.9448255834386,4.986898125034479,14.917792610949137
3229.1596417964997,4.057747331390464,24.569215701067026
2214.691884610432,3.9531087675718846,2.270188307788075
3339.524867644363,3.7589290999056333,35.62209914617756
2616.954960895239,3.392182086896572,20.805683202302774
2191.130731534621,2.8205637098814185,8.800776234641425
2641.877500800993,3.2024692874304606,21.178152605027357
2265.5399382502565,4.637377808213854,33.60343303647503
2587.7341712920597,3.3201298790590137,24.652575784421757
2863.8394313034223,5.452674134680976,27.761671685037815
1912.8647668995782,5.193055413431927,2.540089406045457
1996.3351534104568,3.1119426552366534,21.44028699990084
2802.7123616768226,2.6277373977182363,12.222418316389769
1834.0789313336786,1.8824336505336352,13.494219250511826
1507.9598741539535,4.5731728890651535,17.791833568217264
1873.2431196150649,2.80655329083575,14.191090386445211
2204.867151322014,3.1904913681453113,18.30722257140635
2372.1759963419595,4.789574041176257,16.324556006652443
2576.6388776930344,2.729776004689303,35.61488279662416
2629.1515745548204,4.09770823956671,27.69504113318135
2295.8746247373115,3.589779459406941,20.77966613039115
2785.735040526625,2.51184736329406,22.28875482359218
1218.1112932287087,2.170298702557421,12.40189525117306
2206.0069752201252,4.758059945628271,16.442278392400386
1751.08315906319,2.3322343753093735,24.806258446970574
2079.8567623029658,4.252721515369668,31.780641179003105
2789.1328822340356,3.5798407831685704,32.58572582647845
1752.3866790956836,3.1546944534733874,6.339612390647412
2577.1997134630546,4.369570126782478,18.130984843706166
1808.3080266906104,2.2623239901509042,21.25360692101357
2370.208817280989,4.610468444591044,21.533097394334238
1672.3720498866078,3.7514373010826856,10.009037694026775
2446.5898826638745,1.9624179740931023,7.76753526535644
3139.0921495948137,2.84708888737919,31.60294617612771
2486.0237186189597,4.8631188045664615,20.256151254556624
1845.7918339247753,4.755589926088469,20.218043829420857
2119.0140866989263,3.630726382738062,12.76268226293941
2353.2395888414007,3.0821772307769506,23.586527652506376
2378.644169286035,5.787146287821505,18.100799025415615
2322.9891885904153,3.672191871015589,17.93960421966629
1786.4278783583038,5.877596435592715,17.182259347238237
2630.5563547051743,4.241512350861464,32.870729654073884
1416.9101901884644,2.851339035217431,18.627174440043635
2043.1282698879445,4.227129702807303,21.048756906224586
2268.68363533347,3.304164192947429,27.99036956528279
2556.3393457499187,2.432823554872191,18.466005873552252
1770.959255827536,4.7107278278973155,19.254713417482375
2488.746141451495,4.150475970003535,12.811414683048426
3062.718904027961,3.177207386110161,20.315410157801836
1863.5210424370412,3.8756888353374506,11.678297541959878
2527.9973448912756,2.4566792048466404,28.241479927337373
2107.199989914906,3.1316877157532663,10.808171631790152
2893.280398729985,4.715467816184646,19.86227629041656
1408.4790867340826,4.020736190531734,19.458076187625192
1925.0593146621939,3.423162562281637,17.92204477015275
1574.6002935805811,3.26614875117658,19.474703564256686
1350.3320934133844,1.893966337898997,3.172833502908068
2799.005445570687,3.1120548766287834,4.5217672960315
2344.3593770717707,4.403038250646807,26.669898936040983
2354.2287450642607,2.77212568031981,13.398416818568315
2560.4053398767537,4.262420312417011,2.1904393423397597
1361.3007367532978,4.959918578928404,26.87641104035173
2386.370327183342,2.392632595686642,15.862181179840466
1785.2086716556544,3.2927972563673333,23.868713130683506
1606.8734565294735,3.6060111182076247,25.78431900548426
1427.5688077883879,4.208952733313887,8.318758921668117
1735.2473111666109,4.259509414695558,30.812060926681315
1269.9015584602657,3.647960032917804,11.234177217697807
1902.242461292526,1.6643819774760469,28.418847537604744
1731.5071384291937,2.0413274122770133,17.345576592771934
2496.5033198755887,5.424356803737693,20.47912323561182
3304.304175619494,3.299099362891336,20.304051457243624
1591.339322577119,4.177421814619595,21.151170568251366
2615.0085188854337,5.395465499552559,15.716033585692907
1835.9365334617082,2.8841783403364962,14.524502176673078
1997.4807311951863,3.83340113249558,16.09768108314158
2044.889716383981,2.6364982589535595,20.805880345651264
2134.0081082749907,3.157497914725334,23.67464858599329
2440.236120846794,3.1108948072490623,21.6902579114997
1546.6478226215725,3.832552208602797,18.648050571127147
2784.4746024464266,3.6351274595212795,10.071587951897884
1532.410914023367,3.288038137698756,27.663007856047663
2503.2379992749457,2.4706366873519787,-4.635289268831187
1589.3250669168772,4.249838199622544,24.02503045605202
2681.8950902291645,3.3004275053421113,19.61887669490521
2207.698815521519,2.5172322548385497,15.93248329815598
2027.3592286606788,2.8241805216283633,22.694853097795264
3296.9940051538006,4.834805345619026,15.028275907389428
2092.347172874318,4.046171603116488,9.949795853481975
1907.3292236225586,4.468674971695043,21.191531616175897
2301.619389923181,5.217735186838782,17.414867761750752
2527.3026349824263,5.13688143809166,26.313535875174694
2445.7684383518404,3.82260704969537,8.552368954094272
2713.13676302372,3.386935815495145,16.40780043485825
2536.701207504145,4.834468546491438,16.308359553887417
1587.476127086612,2.442684322557458,2.6024318860895477
1995.1262608872805,3.345883428410009,12.631453283586104
2154.624437802466,2.533926952657803,44.50805480019202
2661.624387783833,3.347654786988291,17.25710464075285
1571.2814616331916,2.7455561826974306,17.601971124133733
2215.880854707786,2.2862341191403206,-6.005407160667026
2431.846249303136,4.814135206202535,31.508923733681424
1466.9226226667333,1.8846309800957237,12.989470927564222
2184.1123702221603,2.4177588384441697,24.641681831315573
2248.202152966221,3.3245126367215607,18.31568177052485
2026.0979915113546,4.345716489941591,13.101003604430087
2107.1057320455047,3.6285237781943267,32.03962678553056
1874.4164188114942,3.752676196724766,16.36648784226233
1589.9045815614672,4.830228608045839,12.829956116211509
2143.199540203108,3.093996289822883,19.084362114726915
2255.7878555028437,3.486401983475781,21.64905744072342
1683.6216359428574,2.000774535723638,20.36310441555806
2225.9875162256144,1.3910233445323197,20.612603033863767
1737.3498002282772,4.286792979619447,36.11541541780444
2801.3520317435004,2.959109312268971,6.269513623769216
3654.370940486575,3.827134177318209,24.174355123982878
1976.9468159380656,3.4849657869327073,19.806708145308527
3043.5121010399344,1.9776747897217481,6.617880470576971
1698.0263429485988,4.418509628506919,24.59622504365864
2042.9807454499155,1.7712377406828204,14.69463116541446
670.7718252671721,2.2391618895824896,27.581693659680298
1873.8441229559564,3.7796537297784494,12.354289368113317
2493.2642565289266,5.159187386783151,33.17786835747144
1735.1016777224659,4.09709177875538,12.37747149743409
2511.015637495502,3.043638689599322,5.76844182121593
2368.217213785138,3.2414606060771423,22.98091168880717
2440.8561584246695,2.883587765193456,8.093039636553934
2280.3292853971134,3.2415591055305404,14.133285357023553
1965.8368248512634,4.216412127053972,10.760530359877066
2497.2202654950765,2.656975995389912,27.845387591256035
2560.51463212821,5.300763239830175,15.398246370426449
1476.029825259295,4.000326966963305,24.206394033631167
2417.8027447161417,2.311072914513151,16.523615626558687
1370.3607697700181,2.5978014058525516,24.72153572694381
2834.5086618801693,4.370206548333493,16.588810808849168
1528.827322047986,3.6382846238206463,17.92314601885599
2061.03191752158,1.7507978099166535,10.346329103849241
2386.5101285309347,2.580068333609977,20.496551914206393
1973.544338943956,2.5979455272982905,7.776317818839917
2613.7965640810626,2.138933805000711,20.36526183309371
2003.7335359241551,4.056148400773671,31.298282838722688
1781.964801005312,4.468511562761135,21.113310567710116
2352.112413025051,3.372947931636055,12.769220312420263
2119.0965351313043,3.500993057336784,23.601161681370492
2153.1701252289104,4.394368070723676,1.717661358065243
2732.0512985050946,3.319903826342421,25.911847570206024
1482.5572185267738,4.087525607413252,19.046798106315215
2333.0222450477067,2.978026648118316,20.99105684646938
2112.8849375017303,3.496857242472094,4.245582123706734
2973.8116012034125,5.54738654198043,9.832557943976271
2381.803052988668,4.641437776391047,7.352575097941026
1809.0878696181903,5.013366372127767,30.326067913216054
2267.408159816469,3.4231371117926597,36.11086805014612
2414.193257671267,4.089055865815889,4.601516479459077
2466.088582452819,1.7173473591816155,10.935428187380008
1992.1799040501753,2.634569094077164,19.87278068506608
2110.9682080736047,3.2816355717579797,7.858823882420147
1695.2595943407534,2.534382830471767,8.950689903566055
2387.1768411812045,2.2901948645364083,16.45697516715671
1918.3848835690346,3.1571572918227964,22.613130197155087
1673.300141681991,4.482733414633389,26.97819732189909
2249.0872974230047,3.62059778840666,28.33190249531268
2448.292101750897,2.4194980725163013,21.848656564092714
2091.314277369548,3.248278222320012,6.853157550997368
2553.997525425668,2.083884428964393,20.921107272004907
1836.6552155214017,2.8694226043319744,0.742851947582075
1987.9573754715548,2.1244031487312336,25.118338080089433
2674.0110428931403,4.926877949068762,-0.5903494295703844
1852.455686853416,1.888407671963216,34.065460840759016
2735.5378494621837,2.604174901590146,43.25523767999595
3018.320835016086,3.605608053362184,19.931223898074375
2521.5777607186415,2.6217073096574652,24.23961538649521
2343.4843594074728,5.624385162279166,25.3565363697683
2017.4674991168608,3.8703077506015844,10.924698271851721
2753.413842790397,3.162994078238837,21.046334923596806
2517.9694823648288,3.7385284008836197,29.29488399860665
1773.4806144058748,3.5739773521087543,19.475075336451244
1872.3050921428585,4.313924126455772,25.07893454674055
2617.059607918965,1.9997171553135609,25.701705586172796
2192.8240504052933,4.240041534874427,10.447602453369289
3235.8663477739246,3.0403062799221896,11.189810223164146
2298.647393288989,3.6929691631734323,14.491886260261113
1962.6822042927759,3.782735112363439,14.94049560487126
2984.078355659883,4.640533380540624,19.057011584920435
2561.127524298814,3.4634903640911725,12.216926027147213
2205.794572136378,4.51925482078604,18.64040857658954
2281.206355230667,2.249588561963334,34.9168783940485
2089.712925459086,4.075985548627333,18.897193031444193
2143.563287166297,3.39733696279926,33.7952657104744
2120.0783039092,2.6735466047603778,24.92263829699386
2833.8139567431026,3.006180728236231,33.86014442330239
1901.4888480334046,3.407413656091117,11.509011730071878
2284.050542207599,2.3611398498791285,23.933368248866824
1672.808936864622,1.9622861511161283,27.43104600649648
3218.445708703244,2.0086333047313776,21.558627631877485
2379.696598986491,4.028446352721464,10.57031672504363
1340.678182617087,4.526414886070853,12.903960783408525
1288.2713548731654,2.904752209230701,12.80922000700044
1789.045442153151,4.814307884214257,16.87997026755393
3153.3806154782073,3.2609491845941707,18.14201598896165
2287.720233540205,2.619307001901326,18.40073116909607
1947.9680497808324,2.246232489115772,37.13175631598142
2760.988598128271,2.935600912283614,21.51839760160253
2645.0878950353135,2.330650853015218,23.915633180375586
2000.0846376850945,4.273878259066,15.14336485320285
2291.372270882192,4.465360674764726,1.4030216440432426
1744.08848378338,4.117477519902733,22.60731888866113
1512.2906799809025,3.78734468377148,28.105373212388283
1720.5854574804623,4.414494661944081,14.050662896734604
2945.9705836636995,2.686717572264221,14.995916173737367
1709.0654665363923,0.42599644050854746,32.84579183950708
2839.132556853637,4.353502585774301,48.14261426025439
1172.948925038377,4.7116587925977225,5.009065365033628
1350.8870740492744,3.168820041035603,33.36463806781118
2805.165028262948,3.931907895186119,27.079797729693624
2054.667491023576,3.0580204147537327,14.416834360284225
2015.2757504327337,1.7776744721045992,12.395589470179347
3142.719414537051,4.390773908912347,12.29485867904157
2494.7071877749013,1.9739840697634303,11.873770388506209
2197.7685524341377,5.29630877468254,16.455150621991834
2558.053144376044,3.59220929316293,26.380916366848602
1628.7079624949747,2.560410655947749,17.04988485928457
1946.1885107869357,3.0938453788377758,6.6650601307909785
2305.273309121801,3.7605320476767288,-2.432756310014458
1913.720481230832,4.176527467222847,12.153190640296359
2470.8521129589785,3.06246750198142,11.6483015961542
1381.275496785504,3.6570843312350805,12.025934338461827
3167.225187514844,3.2702815355124164,14.58720346865827
1791.3728167500774,3.2593234142515297,14.16789335094283
1661.629943480078,2.9145237211159687,38.825108226007245
2269.519569603821,3.9272547708051087,-1.7206903871239732
2523.2828023659044,3.9773327769892775,32.54055334593438
1746.6729956416295,4.899428977382189,19.524459782779164
2085.1741433619177,4.563841923464348,33.68285992081214
1931.8377185218344,3.1094026230695535,21.675133735568323
1407.4376246303727,1.5561634102140773,14.262558401456342
2075.7825397356078,2.410728340713595,4.037926396477367
2189.3510112354375,2.530669994829473,21.937382916374368
2270.3816298117545,2.7825653967394963,12.86335735845924
1898.511815565168,3.1291277420343104,12.683242172252166
2362.4770072936644,4.400256081671696,13.486511115547929
2062.0174632130747,4.559767627918054,4.634936353980724
2992.7390393618443,4.805198601327158,10.440764579344112
2104.015622098477,3.786701746210593,15.833617526154667
2346.935105769214,4.347832512237924,16.03229026003676
2358.737184169727,3.323548285875546,0.4774335533535812
1954.293952256248,4.001851373254402,18.63139257576063
2439.263589069229,2.9279276428571004,42.50093365265198
2905.480005702868,3.426981307655542,22.372079301361545
3014.6222615261613,2.8657450718482833,26.485175665325514
1879.1811652645997,2.89962834454347,4.226635795009198
1883.4184116935166,3.7131082282724095,17.544358901138185
2136.449948814019,2.887662703225554,22.197605093012463
2261.300098614525,4.127848894496902,44.83644804479995
1595.6719812490041,3.2372683326803764,31.866819462881473
1404.1293809537906,3.2647434401140476,33.29053281448654
2312.6296937084103,3.6075869634633237,14.298975752723674
2147.2483887450758,2.0657801417739625,11.561247505502653
2312.6395100694326,3.9838497701757176,19.759202497370932
